powiat,miasto,wojewodztwo,powierzchnia_km2,ludnosc,gestosc_zaludnienia
powiat aleksandrowski,Aleksandrów Kujawski,kujawsko-pomorskie,"474,63",55 007,"115,89"
powiat augustowski,Augustów,podlaskie,"1659,39",57 908,"34,9"
powiat bartoszycki,Bartoszyce,warmińsko-mazurskie,"1307,49",56 891,"43,51"
powiat bełchatowski,Bełchatów,łódzkie,"967,6",112 702,"116,48"
powiat będziński,Będzin,śląskie,"364,13",147 816,"405,94"
powiat bialski,Biała Podlaska,lubelskie,"2754,26",110 454,"40,1"
Biała Podlaska,Biała Podlaska,lubelskie,"49,4",57 194,"1 157,77"
powiat białobrzeski,Białobrzegi,mazowieckie,"639,1",33 332,"52,15"
powiat białogardzki,Białogard,zachodniopomorskie,"845,46",47 434,"56,1"
powiat białostocki,Białystok,podlaskie,"2976,44",150 333,"50,51"
Białystok,Białystok,podlaskie,"102,13",297 585,"2 913,79"
powiat bielski,Bielsko-Biała,śląskie,"458,64",166 215,"362,41"
powiat bielski,Bielsk Podlaski,podlaskie,"1385,09",54 058,"39,03"
Bielsko-Biała,Bielsko-Biała,śląskie,"124,51",170 303,"1 367,79"
powiat bieruńsko-lędziński,Bieruń,śląskie,"158,15",59 864,"378,53"
powiat bieszczadzki,Ustrzyki Dolne,podkarpackie,"1139,07",21 576,"18,94"
powiat biłgorajski,Biłgoraj,lubelskie,"1681,1",100 617,"59,85"
powiat bocheński,Bochnia,małopolskie,"648,56",107 023,"165,02"
powiat bolesławiecki,Bolesławiec,dolnośląskie,"1303,51",90 032,"69,07"
powiat braniewski,Braniewo,warmińsko-mazurskie,"1201,65",40 927,"34,06"
powiat brodnicki,Brodnica,kujawsko-pomorskie,"1039,97",79 129,"76,09"
powiat brzeski,Brzesko,małopolskie,"590,52",93 125,"157,7"
powiat brzeski,Brzeg,opolskie,"875,96",89 632,"102,32"
powiat brzeziński,Brzeziny,łódzkie,"358,56",30 793,"85,88"
powiat brzozowski,Brzozów,podkarpackie,"539,34",65 523,"121,49"
powiat buski,Busko-Zdrój,świętokrzyskie,968,71 451,"73,81"
powiat bydgoski,Bydgoszcz,kujawsko-pomorskie,"1394,12",119 448,"85,68"
Bydgoszcz,Bydgoszcz,kujawsko-pomorskie,"175,98",346 739,"1 970,33"
Bytom,Bytom,śląskie,"69,44",164 447,"2 368,19"
powiat bytowski,Bytów,pomorskie,"2192,07",79 136,"36,1"
Chełm,Chełm,lubelskie,"35,28",61 588,"1 745,69"
powiat chełmiński,Chełmno,kujawsko-pomorskie,"526,94",51 817,"98,34"
powiat chełmski,Chełm,lubelskie,"1885,6",77 752,"41,23"
powiat chodzieski,Chodzież,wielkopolskie,"685,06",46 955,"68,54"
powiat chojnicki,Chojnice,pomorskie,"1364,21",97 677,"71,6"
Chorzów,Chorzów,śląskie,"33,24",107 443,"3 232,34"
powiat choszczeński,Choszczno,zachodniopomorskie,"1327,63",48 035,"36,18"
powiat chrzanowski,Chrzanów,małopolskie,"370,12",124 190,"335,54"
powiat ciechanowski,Ciechanów,mazowieckie,"1059,8",89 213,"84,18"
powiat cieszyński,Cieszyn,śląskie,"730,29",178 005,"243,75"
powiat czarnkowsko-trzcianecki,Czarnków,wielkopolskie,"1806,05",86 868,"48,1"
Częstochowa,Częstochowa,śląskie,"159,71",219 278,"1 372,98"
powiat częstochowski,Częstochowa,śląskie,"1522,05",134 341,"88,26"
powiat człuchowski,Człuchów,pomorskie,"1575,27",55 933,"35,51"
Dąbrowa Górnicza,Dąbrowa Górnicza,śląskie,"188,73",118 899,630
powiat dąbrowski,Dąbrowa Tarnowska,małopolskie,"530,25",59 147,"111,55"
powiat dębicki,Dębica,podkarpackie,"777,48",135 282,174
powiat drawski,Drawsko Pomorskie,zachodniopomorskie,"1764,24",56 842,"32,22"
powiat działdowski,Działdowo,warmińsko-mazurskie,"953,93",64 966,"68,1"
powiat dzierżoniowski,Dzierżoniów,dolnośląskie,"478,51",100 519,"210,07"
Elbląg,Elbląg,warmińsko-mazurskie,"79,82",119 097,"1 492,07"
powiat elbląski,Elbląg,warmińsko-mazurskie,"1415,58",57 056,"40,31"
powiat ełcki,Ełk,warmińsko-mazurskie,"1112,79",91 613,"82,33"
powiat garwoliński,Garwolin,mazowieckie,"1284,83",108 940,"84,79"
Gdańsk,Gdańsk,pomorskie,"261,96",471 525,"1 799,99"
powiat gdański,Pruszcz Gdański,pomorskie,"793,75",119 362,"150,38"
Gdynia,Gdynia,pomorskie,"135,14",245 867,"1 819,35"
powiat giżycki,Giżycko,warmińsko-mazurskie,"1119,51",56 465,"50,44"
Gliwice,Gliwice,śląskie,"133,88",178 186,"1 330,94"
powiat gliwicki,Gliwice,śląskie,"664,37",115 540,"173,91"
powiat głogowski,Głogów,dolnośląskie,"443,27",88 852,"200,45"
powiat głubczycki,Głubczyce,opolskie,"672,63",45 291,"67,33"
powiat gnieźnieński,Gniezno,wielkopolskie,"1255,03",145 393,"115,85"
powiat goleniowski,Goleniów,zachodniopomorskie,"1615,48",82 396,51
powiat golubsko-dobrzyński,Golub-Dobrzyń,kujawsko-pomorskie,"612,85",44 952,"73,35"
powiat gołdapski,Gołdap,warmińsko-mazurskie,"772,29",26 625,"34,48"
powiat gorlicki,Gorlice,małopolskie,"966,46",108 778,"112,55"
powiat gorzowski,Gorzów Wielkopolski,lubuskie,"1214,23",72 054,"59,34"
Gorzów Wielkopolski,Gorzów Wielkopolski,lubuskie,"85,72",123 341,"1 438,88"
powiat gostyniński,Gostynin,mazowieckie,"614,81",44 761,"72,8"
powiat gostyński,Gostyń,wielkopolskie,"810,25",75 907,"93,68"
powiat górowski,Góra,dolnośląskie,"738,27",34 698,47
powiat grajewski,Grajewo,podlaskie,"967,62",47 039,"48,61"
powiat grodziski,Grodzisk Mazowiecki,mazowieckie,"367,04",96 698,"263,45"
powiat grodziski,Grodzisk Wielkopolski,wielkopolskie,"641,87",51 940,"80,92"
powiat grójecki,Grójec,mazowieckie,"1267,73",98 173,"77,44"
Grudziądz,Grudziądz,kujawsko-pomorskie,"57,76",94 076,"1 628,74"
powiat grudziądzki,Grudziądz,kujawsko-pomorskie,"727,76",40 202,"55,24"
powiat gryficki,Gryfice,zachodniopomorskie,"1021,05",60 025,"58,79"
powiat gryfiński,Gryfino,zachodniopomorskie,"1869,11",81 598,"43,66"
powiat hajnowski,Hajnówka,podlaskie,"1623,53",42 293,"26,05"
powiat hrubieszowski,Hrubieszów,lubelskie,"1268,02",62 473,"49,27"
powiat iławski,Iława,warmińsko-mazurskie,"1385,22",92 826,"67,01"
powiat inowrocławski,Inowrocław,kujawsko-pomorskie,"1225,18",159 311,"130,03"
powiat janowski,Janów Lubelski,lubelskie,"875,28",45 503,"51,99"
powiat jarociński,Jarocin,wielkopolskie,"587,29",71 507,"121,76"
powiat jarosławski,Jarosław,podkarpackie,"1028,66",120 097,"116,75"
powiat jasielski,Jasło,podkarpackie,"830,87",113 226,"136,27"
Jastrzębie-Zdrój,Jastrzębie-Zdrój,śląskie,"85,33",88 425,"1 036,27"
powiat jaworski,Jawor,dolnośląskie,"581,55",49 937,"85,87"
Jaworzno,Jaworzno,śląskie,"152,59",90 759,"594,79"
powiat jeleniogórski,Jelenia Góra,dolnośląskie,"109,22",78 778,"721,28"
Jelenia Góra,Jelenia Góra,dolnośląskie,"109,22",78 778,"721,28"
powiat jędrzejowski,Jędrzejów,świętokrzyskie,"1256,96",85 179,"67,77"
powiat kaliski,Kalisz,wielkopolskie,"1159,99",83 035,"71,58"
Kalisz,Kalisz,wielkopolskie,"69,42",99 761,"1 437,06"
powiat kamiennogórski,Kamienna Góra,dolnośląskie,"395,69",43 055,"108,81"
powiat kamieński,Kamień Pomorski,zachodniopomorskie,"1007,16",46 861,"46,53"
powiat karkonoski[e],Jelenia Góra,dolnośląskie,"627,14",63 388,"101,07"
powiat kartuski,Kartuzy,pomorskie,"1120,54",140 770,"125,63"
Katowice,Katowice,śląskie,"164,64",291 774,"1 772,19"
powiat kazimierski,Kazimierza Wielka,świętokrzyskie,"422,18",33 489,"79,32"
powiat kędzierzyńsko-kozielski,Kędzierzyn-Koźle,opolskie,"625,13",93 544,"149,64"
powiat kępiński,Kępno,wielkopolskie,"608,26",56 428,"92,77"
powiat kętrzyński,Kętrzyn,warmińsko-mazurskie,"1212,99",62 054,"51,16"
Kielce,Kielce,świętokrzyskie,"109,65",194 218,"1 771,25"
powiat kielecki,Kielce,świętokrzyskie,"2246,07",211 259,"94,06"
powiat kluczborski,Kluczbork,opolskie,"851,91",65 266,"76,61"
powiat kłobucki,Kłobuck,śląskie,"888,59",84 501,"95,1"
powiat kłodzki,Kłodzko,dolnośląskie,"1643,3",157 191,"95,66"
powiat kolbuszowski,Kolbuszowa,podkarpackie,"773,17",62 196,"80,44"
powiat kolneński,Kolno,podlaskie,"940,1",37 983,"40,4"
powiat kolski,Koło,wielkopolskie,"1010,71",86 473,"85,56"
powiat kołobrzeski,Kołobrzeg,zachodniopomorskie,"724,66",79 399,"109,57"
powiat konecki,Końskie,świętokrzyskie,"1139,72",79 525,"69,78"
Konin,Konin,wielkopolskie,"82,31",73 176,"889,03"
powiat koniński,Konin,wielkopolskie,"1578,24",130 005,"82,37"
Koszalin,Koszalin,zachodniopomorskie,"98,34",106 880,"1 086,84"
powiat koszaliński,Koszalin,zachodniopomorskie,"1653,46",66 465,"40,2"
powiat kościański,Kościan,wielkopolskie,"722,42",79 114,"109,51"
powiat kościerski,Kościerzyna,pomorskie,"1165,67",72 808,"62,46"
powiat kozienicki,Kozienice,mazowieckie,"916,1",59 793,"65,27"
powiat krakowski,Kraków,małopolskie,"1230,52",280 403,"227,87"
Kraków,Kraków,małopolskie,"326,85",780 981,"2 389,42"
powiat krapkowicki,Krapkowice,opolskie,"441,8",63 580,"143,91"
powiat krasnostawski,Krasnystaw,lubelskie,"1031,44",62 940,"61,02"
powiat kraśnicki,Kraśnik,lubelskie,"1005,3",95 064,"94,56"
Krosno,Krosno,podkarpackie,"43,5",46 139,"1 060,67"
powiat krośnieński,Krosno,podkarpackie,"993,11",112 195,"112,97"
powiat krośnieński,Krosno Odrzańskie,lubuskie,"1391,25",54 706,"39,32"
powiat krotoszyński,Krotoszyn,wielkopolskie,"713,68",77 182,"108,15"
powiat kutnowski,Kutno,łódzkie,"886,86",96 126,"108,39"
powiat kwidzyński,Kwidzyn,pomorskie,"834,7",83 028,"99,47"
powiat legionowski,Legionowo,mazowieckie,"390,76",119 306,"305,32"
Legnica,Legnica,dolnośląskie,"56,29",99 072,"1 760,03"
powiat legnicki,Legnica,dolnośląskie,"744,08",55 210,"74,2"
powiat leski,Lesko,podkarpackie,"834,94",26 413,"31,63"
powiat leszczyński,Leszno,wielkopolskie,"805,81",57 544,"71,41"
Leszno,Leszno,wielkopolskie,"31,86",63 323,"1 987,54"
powiat leżajski,Leżajsk,podkarpackie,"583,71",69 233,"118,61"
powiat lęborski,Lębork,pomorskie,"707,77",66 069,"93,35"
powiat lidzbarski,Lidzbark Warmiński,warmińsko-mazurskie,925,41 039,"44,37"
powiat limanowski,Limanowa,małopolskie,"951,23",131 997,"138,76"
powiat lipnowski,Lipno,kujawsko-pomorskie,"1015,74",65 574,"64,56"
powiat lipski,Lipsko,mazowieckie,"740,22",33 738,"45,58"
powiat lubaczowski,Lubaczów,podkarpackie,"1308,37",54 979,"42,02"
powiat lubański,Lubań,dolnośląskie,"428,3",54 070,"126,24"
powiat lubartowski,Lubartów,lubelskie,"1288,74",88 152,"68,4"
powiat lubelski,Lublin,lubelskie,"1679,53",156 002,"92,88"
powiat lubiński,Lubin,dolnośląskie,"711,62",106 106,"149,1"
Lublin,Lublin,lubelskie,"147,47",339 547,"2 302,48"
powiat lubliniecki,Lubliniec,śląskie,"822,25",76 326,"92,83"
powiat lwówecki,Lwówek Śląski,dolnośląskie,"709,69",45 770,"64,49"
powiat łańcucki,Łańcut,podkarpackie,"451,84",81 144,"179,59"
powiat łaski,Łask,łódzkie,"618,23",49 794,"80,54"
powiat łęczycki,Łęczyca,łódzkie,"772,75",49 562,"64,14"
powiat łęczyński,Łęczna,lubelskie,"636,64",57 298,90
powiat łobeski,Łobez,zachodniopomorskie,"1065,13",36 514,"34,28"
Łomża,Łomża,podlaskie,"32,67",62 795,"1 922,10"
powiat łomżyński,Łomża,podlaskie,"1354,59",50 894,"37,57"
powiat łosicki,Łosice,mazowieckie,"772,45",30 658,"39,69"
powiat łowicki,Łowicz,łódzkie,"988,17",77 842,"78,77"
powiat łódzki wschodni,Łódź,łódzkie,"499,76",72 408,"144,89"
Łódź,Łódź,łódzkie,"293,25",677 286,"2 309,59"
powiat łukowski,Łuków,lubelskie,"1394,21",106 591,"76,45"
powiat makowski,Maków Mazowiecki,mazowieckie,"1064,63",44 667,"41,96"
powiat malborski,Malbork,pomorskie,"494,23",63 401,"128,28"
powiat miechowski,Miechów,małopolskie,"676,29",48 689,"71,99"
powiat mielecki,Mielec,podkarpackie,"880,5",136 672,"155,22"
powiat międzychodzki,Międzychód,wielkopolskie,"736,44",36 686,"49,82"
powiat międzyrzecki,Międzyrzecz,lubuskie,"1387,61",57 374,"41,35"
powiat mikołowski,Mikołów,śląskie,"233,1",99 211,"425,62"
powiat milicki,Milicz,dolnośląskie,"714,93",36 913,"51,63"
powiat miński,Mińsk Mazowiecki,mazowieckie,"1163,72",154 942,"133,14"
powiat mławski,Mława,mazowieckie,"1181,82",72 448,"61,3"
powiat mogileński,Mogilno,kujawsko-pomorskie,"675,12",45 514,"67,42"
powiat moniecki,Mońki,podlaskie,"1381,79",40 251,"29,13"
powiat mrągowski,Mrągowo,warmińsko-mazurskie,"1065,38",49 660,"46,61"
Mysłowice,Mysłowice,śląskie,"65,62",74 601,"1 136,86"
powiat myszkowski,Myszków,śląskie,"479,25",70 709,"147,54"
powiat myślenicki,Myślenice,małopolskie,"673,08",127 872,"189,98"
powiat myśliborski,Myślibórz,zachodniopomorskie,"1182,4",65 426,"55,33"
powiat nakielski,Nakło nad Notecią,kujawsko-pomorskie,"1120,08",86 226,"76,98"
powiat namysłowski,Namysłów,opolskie,"748,18",42 680,"57,05"
powiat nidzicki,Nidzica,warmińsko-mazurskie,"960,64",32 753,"34,09"
powiat niżański,Nisko,podkarpackie,"785,64",66 430,"84,56"
powiat nowodworski,Nowy Dwór Gdański,pomorskie,"674,08",35 483,"52,64"
powiat nowodworski,Nowy Dwór Mazowiecki,mazowieckie,"694,79",79 427,"114,32"
powiat nowomiejski,Nowe Miasto Lubawskie,warmińsko-mazurskie,"693,93",43 769,"63,07"
powiat nowosądecki,Nowy Sącz,małopolskie,"1549,8",216 994,"140,01"
powiat nowosolski,Nowa Sól,lubuskie,"770,73",86 014,"111,6"
powiat nowotarski,Nowy Targ,małopolskie,"1474,99",191 882,"130,09"
powiat nowotomyski,Nowy Tomyśl,wielkopolskie,"1013,62",75 675,"74,66"
Nowy Sącz,Nowy Sącz,małopolskie,"57,58",83 762,"1 454,71"
powiat nyski,Nysa,opolskie,"1223,88",135 524,"110,73"
powiat obornicki,Oborniki,wielkopolskie,"711,04",59 826,"84,14"
powiat olecki,Olecko,warmińsko-mazurskie,"873,6",34 050,"38,98"
powiat oleski,Olesno,opolskie,"973,38",64 167,"65,92"
powiat oleśnicki,Oleśnica,dolnośląskie,"1049,31",107 328,"102,28"
powiat olkuski,Olkusz,małopolskie,"618,11",110 900,"179,42"
Olsztyn,Olsztyn,warmińsko-mazurskie,"88,33",171 853,"1 945,58"
powiat olsztyński,Olsztyn,warmińsko-mazurskie,"2838,02",127 205,"44,82"
powiat oławski,Oława,dolnośląskie,"524,1",76 831,"146,6"
powiat opatowski,Opatów,świętokrzyskie,"910,9",51 834,"56,9"
powiat opoczyński,Opoczno,łódzkie,"1040,19",75 847,"72,92"
Opole,Opole,opolskie,"148,88",128 012,"859,83"
powiat opolski,Opole Lubelskie,lubelskie,"810,02",58 952,"72,78"
powiat opolski,Opole,opolskie,"1534,3",123 813,"80,7"
powiat ostrołęcki,Ostrołęka,mazowieckie,"2093,55",88 624,"42,33"
Ostrołęka,Ostrołęka,mazowieckie,"33,46",51 893,"1 550,9"
powiat ostrowiecki,Ostrowiec Świętokrzyski,świętokrzyskie,"616,78",108 436,"175,81"
powiat ostrowski,Ostrów Wielkopolski,wielkopolskie,"1160,12",161 581,"139,28"
powiat ostrowski,Ostrów Mazowiecka,mazowieckie,"1217,79",72 091,"59,2"
powiat ostródzki,Ostróda,warmińsko-mazurskie,"1766,29",103 895,"58,82"
powiat ostrzeszowski,Ostrzeszów,wielkopolskie,"772,63",55 436,"71,75"
powiat oświęcimski,Oświęcim,małopolskie,"405,58",153 125,"377,55"
powiat otwocki,Otwock,mazowieckie,"615,92",124 460,"202,07"
powiat pabianicki,Pabianice,łódzkie,"492,18",119 225,"242,24"
powiat pajęczański,Pajęczno,łódzkie,"803,82",51 071,"63,54"
powiat parczewski,Parczew,lubelskie,"952,2",34 590,"36,33"
powiat piaseczyński,Piaseczno,mazowieckie,621,189 516,"305,18"
Piekary Śląskie,Piekary Śląskie,śląskie,"39,98",54 860,"1 372,19"
powiat pilski,Piła,wielkopolskie,"1268,21",135 928,"107,18"
powiat pińczowski,Pińczów,świętokrzyskie,"612,85",38 691,"63,13"
powiat piotrkowski,Piotrków Trybunalski,łódzkie,"1428,74",91 360,"63,94"
Piotrków Trybunalski,Piotrków Trybunalski,łódzkie,"67,24",72 785,"1 082,47"
powiat piski,Pisz,warmińsko-mazurskie,"1774,58",55 952,"31,53"
powiat pleszewski,Pleszew,wielkopolskie,"713,07",62 962,"88,3"
Płock,Płock,mazowieckie,"88,04",118 989,"1 351,53"
powiat płocki,Płock,mazowieckie,"1796,63",110 927,"61,74"
powiat płoński,Płońsk,mazowieckie,"1379,79",86 868,"62,96"
powiat poddębicki,Poddębice,łódzkie,"881,21",41 037,"46,57"
powiat policki,Police,zachodniopomorskie,"665,33",81 229,"122,09"
powiat polkowicki,Polkowice,dolnośląskie,"779,46",63 082,"80,93"
Poznań,Poznań,wielkopolskie,"261,91",533 830,"2 038,22"
powiat poznański,Poznań,wielkopolskie,"1899,88",403 417,"212,34"
powiat proszowicki,Proszowice,małopolskie,"414,87",43 160,"104,03"
powiat prudnicki,Prudnik,opolskie,"571,55",55 091,"96,39"
powiat pruszkowski,Pruszków,mazowieckie,"246,3",166 436,"675,75"
powiat przasnyski,Przasnysz,mazowieckie,"1218,62",52 355,"42,96"
powiat przemyski,Przemyśl,podkarpackie,"1211,22",73 968,"61,07"
Przemyśl,Przemyśl,podkarpackie,"46,17",60 442,"1 309,12"
powiat przeworski,Przeworsk,podkarpackie,"698,02",78 227,"112,07"
powiat przysuski,Przysucha,mazowieckie,"801,19",41 360,"51,62"
powiat pszczyński,Pszczyna,śląskie,"471,16",111 682,"237,04"
powiat pucki,Puck,pomorskie,"581,18",87 183,"150,01"
powiat puławski,Puławy,lubelskie,"934,09",112 835,"120,8"
powiat pułtuski,Pułtusk,mazowieckie,"827,42",51 817,"62,62"
powiat pyrzycki,Pyrzyce,zachodniopomorskie,726,39 251,"54,06"
powiat raciborski,Racibórz,śląskie,"543,76",107 926,"198,48"
Radom,Radom,mazowieckie,"111,8",210 532,"1 883,11"
powiat radomski,Radom,mazowieckie,"1529,78",152 237,"99,52"
powiat radomszczański,Radomsko,łódzkie,"1442,57",112 255,"77,82"
powiat radziejowski,Radziejów,kujawsko-pomorskie,"607,2",40 211,"66,22"
powiat radzyński,Radzyń Podlaski,lubelskie,"965,06",58 604,"60,73"
powiat rawicki,Rawicz,wielkopolskie,"553,52",60 233,"108,82"
powiat rawski,Rawa Mazowiecka,łódzkie,"646,2",48 504,"75,06"
powiat ropczycko-sędziszowski,Ropczyce,podkarpackie,"548,31",74 582,"136,02"
Ruda Śląska,Ruda Śląska,śląskie,"77,73",137 030,"1 762,90"
powiat rybnicki,Rybnik,śląskie,"223,64",78 216,"349,74"
Rybnik,Rybnik,śląskie,"148,36",137 782,"928,7"
powiat rycki,Ryki,lubelskie,"614,53",55 841,"90,87"
powiat rypiński,Rypin,kujawsko-pomorskie,"586,47",43 408,"74,02"
powiat rzeszowski,Rzeszów,podkarpackie,"1147,13",169 986,"148,18"
Rzeszów,Rzeszów,podkarpackie,"126,61",196 821,"1 554,55"
powiat sandomierski,Sandomierz,świętokrzyskie,"675,89",76 736,"113,53"
powiat sanocki,Sanok,podkarpackie,"1156,43",94 166,"81,43"
powiat sejneński,Sejny,podlaskie,"855,17",19 807,"23,16"
powiat sępoleński,Sępolno Krajeńskie,kujawsko-pomorskie,"791,09",40 922,"51,73"
Siedlce,Siedlce,mazowieckie,"31,86",78 258,"2 456,31"
powiat siedlecki,Siedlce,mazowieckie,"1603,48",81 402,"50,77"
Siemianowice Śląskie,Siemianowice Śląskie,śląskie,"25,5",66 587,"2 611,25"
powiat siemiatycki,Siemiatycze,podlaskie,"1459,46",43 910,"30,09"
powiat sieradzki,Sieradz,łódzkie,"1490,83",117 370,"78,73"
powiat sierpecki,Sierpc,mazowieckie,"852,04",51 744,"60,73"
powiat skarżyski,Skarżysko-Kamienna,świętokrzyskie,"395,43",73 567,"186,04"
Skierniewice,Skierniewice,łódzkie,"34,6",47 932,"1 385,32"
powiat skierniewicki,Skierniewice,łódzkie,"753,38",38 156,"50,65"
powiat sławieński,Sławno,zachodniopomorskie,"1043,2",56 010,"53,69"
powiat słubicki,Słubice,lubuskie,"999,29",46 897,"46,93"
powiat słupecki,Słupca,wielkopolskie,"838,01",59 029,"70,44"
Słupsk,Słupsk,pomorskie,"43,15",90 320,"2 093,16"
powiat słupski,Słupsk,pomorskie,"2304,24",98 781,"42,87"
powiat sochaczewski,Sochaczew,mazowieckie,"734,8",85 001,"115,68"
powiat sokołowski,Sokołów Podlaski,mazowieckie,"1131,17",53 617,"47,4"
powiat sokólski,Sokółka,podlaskie,"2054,5",66 286,"32,26"
Sopot,Sopot,pomorskie,"17,28",35 562,"2 057,99"
Sosnowiec,Sosnowiec,śląskie,"91,06",198 996,"2 185,33"
powiat stalowowolski,Stalowa Wola,podkarpackie,"831,74",105 850,"127,26"
powiat starachowicki,Starachowice,świętokrzyskie,"523,41",89 152,"170,33"
powiat stargardzki,Stargard,zachodniopomorskie,"1519,94",120 151,"79,05"
powiat starogardzki,Starogard Gdański,pomorskie,"1345,34",128 264,"95,34"
powiat staszowski,Staszów,świętokrzyskie,"924,8",71 574,"77,33"
powiat strzelecki,Strzelce Opolskie,opolskie,"744,27",74 171,"99,66"
powiat strzelecko-drezdenecki,Strzelce Krajeńskie,lubuskie,"1247,86",48 855,"39,15"
powiat strzeliński,Strzelin,dolnośląskie,"622,06",43 456,"69,86"
powiat strzyżowski,Strzyżów,podkarpackie,"503,47",61 295,"121,75"
powiat sulęciński,Sulęcin,lubuskie,"1177,8",35 110,"29,81"
powiat suski,Sucha Beskidzka,małopolskie,"685,71",84 197,"122,79"
powiat suwalski,Suwałki,podlaskie,1307,35 606,"27,24"
Suwałki,Suwałki,podlaskie,"65,51",69 786,"1 065,27"
powiat szamotulski,Szamotuły,wielkopolskie,"1119,29",91 720,"81,94"
Szczecin,Szczecin,zachodniopomorskie,"300,6",400 990,"1 333,97"
powiat szczecinecki,Szczecinek,zachodniopomorskie,"1765,42",77 394,"43,84"
powiat szczycieński,Szczytno,warmińsko-mazurskie,"1933,21",69 263,"35,83"
powiat sztumski,Sztum,pomorskie,"730,74",41 141,"56,3"
powiat szydłowiecki,Szydłowiec,mazowieckie,"451,81",39 547,"87,53"
powiat średzki,Środa Wielkopolska,wielkopolskie,"623,86",59 033,"94,63"
powiat średzki,Środa Śląska,dolnośląskie,"704,14",55 356,"78,62"
powiat śremski,Śrem,wielkopolskie,"574,1",61 455,"107,05"
powiat świdnicki,Świdnik,lubelskie,"468,35",71 739,"153,17"
powiat świdnicki,Świdnica,dolnośląskie,"741,14",156 550,"211,23"
powiat świdwiński,Świdwin,zachodniopomorskie,"1093,06",46 526,"42,56"
powiat świebodziński,Świebodzin,lubuskie,"936,57",55 678,"59,45"
powiat świecki,Świecie,kujawsko-pomorskie,"1474,18",98 930,"67,11"
Świętochłowice,Świętochłowice,śląskie,"13,31",49 363,"3 708,72"
Świnoujście,Świnoujście,zachodniopomorskie,"202,07",40 864,"202,23"
Tarnobrzeg,Tarnobrzeg,podkarpackie,"85,4",46 588,"545,53"
powiat tarnobrzeski,Tarnobrzeg,podkarpackie,"521,06",52 871,"101,47"
powiat tarnogórski,Tarnowskie Góry,śląskie,"644,19",140 799,"218,57"
powiat tarnowski,Tarnów,małopolskie,"1411,58",201 454,"142,72"
Tarnów,Tarnów,małopolskie,"72,38",108 177,"1 494,57"
powiat tatrzański,Zakopane,małopolskie,"471,65",68 120,"144,43"
powiat tczewski,Tczew,pomorskie,"697,11",115 641,"165,89"
powiat tomaszowski,Tomaszów Mazowiecki,łódzkie,"1024,79",116 141,"113,33"
powiat tomaszowski,Tomaszów Lubelski,lubelskie,"1488,89",82 337,"55,3"
Toruń,Toruń,kujawsko-pomorskie,"115,72",201 106,"1 737,87"
powiat toruński,Toruń,kujawsko-pomorskie,"1230,42",108 938,"88,54"
powiat trzebnicki,Trzebnica,dolnośląskie,"1024,78",85 401,"83,34"
powiat tucholski,Tuchola,kujawsko-pomorskie,"1075,46",48 338,"44,95"
powiat turecki,Turek,wielkopolskie,"929,43",83 818,"90,18"
Tychy,Tychy,śląskie,"81,81",127 307,"1 556,13"
powiat wadowicki,Wadowice,małopolskie,"645,88",159 971,"247,68"
Wałbrzych,Wałbrzych,dolnośląskie,"84,7",110 603,"1 305,82"
powiat wałbrzyski,Wałbrzych,dolnośląskie,"430,22",55 414,"128,8"
powiat wałecki,Wałcz,zachodniopomorskie,"1414,98",52 929,"37,41"
Warszawa,Warszawa,mazowieckie,"517,24",1 793 579,"3 467,60"
powiat warszawski zachodni,Ożarów Mazowiecki,mazowieckie,"533,79",119 503,"223,88"
powiat wąbrzeski,Wąbrzeźno,kujawsko-pomorskie,"501,95",34 115,"67,96"
powiat wągrowiecki,Wągrowiec,wielkopolskie,"1039,65",70 216,"67,54"
powiat wejherowski,Wejherowo,pomorskie,"1285,25",218 766,"170,21"
powiat węgorzewski,Węgorzewo,warmińsko-mazurskie,"693,22",22 555,"32,54"
powiat węgrowski,Węgrów,mazowieckie,"1220,76",65 641,"53,77"
powiat wielicki,Wieliczka,małopolskie,"410,78",129 984,"316,43"
powiat wieluński,Wieluń,łódzkie,"926,48",76 081,"82,12"
powiat wieruszowski,Wieruszów,łódzkie,"577,13",42 050,"72,86"
Włocławek,Włocławek,kujawsko-pomorskie,"84,32",109 347,"1 296,81"
powiat włocławski,Włocławek,kujawsko-pomorskie,"1473,63",85 893,"58,29"
powiat włodawski,Włodawa,lubelskie,"1256,42",38 207,"30,41"
powiat włoszczowski,Włoszczowa,świętokrzyskie,"907,86",44 933,"49,49"
powiat wodzisławski,Wodzisław Śląski,śląskie,"286,75",156 939,"547,3"
powiat wolsztyński,Wolsztyn,wielkopolskie,"679,73",57 534,"84,64"
powiat wołomiński,Wołomin,mazowieckie,"953,56",251 276,"263,51"
powiat wołowski,Wołów,dolnośląskie,"674,96",46 725,"69,23"
Wrocław,Wrocław,dolnośląskie,"292,82",643 782,"2 198,56"
powiat wrocławski,Wrocław,dolnośląskie,"1117,7",153 876,"137,67"
powiat wrzesiński,Września,wielkopolskie,"703,57",78 089,"110,99"
powiat wschowski,Wschowa,lubuskie,"624,2",38 787,"62,14"
powiat wysokomazowiecki,Wysokie Mazowieckie,podlaskie,"1288,91",56 652,"43,95"
powiat wyszkowski,Wyszków,mazowieckie,"876,43",74 283,"84,76"
Zabrze,Zabrze,śląskie,"80,4",171 691,"2 135,46"
powiat zambrowski,Zambrów,podlaskie,"733,12",43 390,"59,19"
powiat zamojski,Zamość,lubelskie,"1870,29",105 839,"56,59"
Zamość,Zamość,lubelskie,"30,34",63 223,"2 083,82"
powiat zawierciański,Zawiercie,śląskie,"1002,23",117 137,"116,88"
powiat ząbkowicki,Ząbkowice Śląskie,dolnośląskie,"801,53",64 486,"80,45"
powiat zduńskowolski,Zduńska Wola,łódzkie,"369,23",66 232,"179,38"
powiat zgierski,Zgierz,łódzkie,"855,18",166 154,"194,29"
powiat zgorzelecki,Zgorzelec,dolnośląskie,"838,6",88 770,"105,85"
Zielona Góra,Zielona Góra,lubuskie,"278,32",141 280,"507,62"
powiat zielonogórski,Zielona Góra,lubuskie,"1349,75",75 646,"56,04"
powiat złotoryjski,Złotoryja,dolnośląskie,"575,81",43 274,"75,15"
powiat złotowski,Złotów,wielkopolskie,"1660,17",69 282,"41,73"
powiat zwoleński,Zwoleń,mazowieckie,"573,3",36 026,"62,84"
powiat żagański,Żagań,lubuskie,"1131,82",78 634,"69,48"
powiat żarski,Żary,lubuskie,"1392,78",95 801,"68,78"
powiat żniński,Żnin,kujawsko-pomorskie,"984,77",70 070,"71,15"
Żory,Żory,śląskie,"64,64",62 670,"969,52"
powiat żuromiński,Żuromin,mazowieckie,"806,6",38 337,"47,53"
powiat żyrardowski,Żyrardów,mazowieckie,"532,54",75 616,"141,99"
powiat żywiecki,Żywiec,śląskie,"1040,06",152 450,"146,58"